NO,short,full,press,link,domain,kind,rank
1,TOCS,ACM Transactions on Computer Systems,ACM,http://dblp.org/db/journals/tocs/,计算机体系结构/并行与分布计算/存储系统,期刊,A
2,TOS,ACM Transactions on Storage,ACM,http://dblp.org/db/journals/tos/,计算机体系结构/并行与分布计算/存储系统,期刊,A
3,TCAD,IEEE Transactions on Computer-Aided Design of Integrated Circuits And System,IEEE,http://dblp.org/db/journals/tcad/,计算机体系结构/并行与分布计算/存储系统,期刊,A
4,TC,IEEE Transactions on Computers,IEEE,http://dblp.org/db/journals/tc/index.html,计算机体系结构/并行与分布计算/存储系统,期刊,A
5,TPDS,IEEE Transactions on Parallel and Distributed Systems,IEEE,http://dblp.org/db/journals/tpds/,计算机体系结构/并行与分布计算/存储系统,期刊,A
6,TACO,ACM Transactions on Architecture and Code Optimization,ACM,http://dblp.org/db/journals/taco/,计算机体系结构/并行与分布计算/存储系统,期刊,A
1,TAAS,ACM Transactions on Autonomous and Adaptive Systems,ACM,http://dblp.org/db/journals/taas/,计算机体系结构/并行与分布计算/存储系统,期刊,B
2,TODAES,ACM Transactions on Design Automation of Electronic Systems,ACM,http://dblp.org/db/journals/todaes/,计算机体系结构/并行与分布计算/存储系统,期刊,B
3,TECS,ACM Transactions on Embedded Computing Systems,ACM,http://dblp.org/db/journals/tecs/,计算机体系结构/并行与分布计算/存储系统,期刊,B
4,TRETS,ACM Transactions on Reconfigurable Technology and Systems,ACM,http://dblp.org/db/journals/trets/,计算机体系结构/并行与分布计算/存储系统,期刊,B
5,TVLSI,IEEE Transactions on Very Large Scale Integration (VLSI) Systems,IEEE,http://dblp.org/db/journals/tvlsi/,计算机体系结构/并行与分布计算/存储系统,期刊,B
6,JPDC,Journal of Parallel and Distributed Computing,Elsevier,http://dblp.org/db/journals/jpdc/,计算机体系结构/并行与分布计算/存储系统,期刊,B
7,JSA,Journal of Systems Architecture: Embedded Software Design,Elsevier,http://dblp.org/db/journals/jsa/,计算机体系结构/并行与分布计算/存储系统,期刊,B
8,PARCO,Parallel Computing,Elsevier,http://dblp.org/db/conf/parco/,计算机体系结构/并行与分布计算/存储系统,期刊,B
9,,Performance Evaluation: An International Journal,Elsevier,http://www.journals.elsevier.com/performance-evaluation/,计算机体系结构/并行与分布计算/存储系统,期刊,B
1,JETC,ACM Journal on Emerging Technologies in Computing Systems,ACM,http://dblp.org/db/journals/jetc/,计算机体系结构/并行与分布计算/存储系统,期刊,C
2,,Concurrency and Computation: Practice and Experience,Wiley,http://dblp.org/db/journals/concurrency/,计算机体系结构/并行与分布计算/存储系统,期刊,C
3,DC,Distributed Computing,Springer,http://dblp.org/db/journals/dc/,计算机体系结构/并行与分布计算/存储系统,期刊,C
4,FGCS,Future Generation Computer Systems,Elsevier,http://dblp.org/db/journals/fgcs/,计算机体系结构/并行与分布计算/存储系统,期刊,C
5,TCC,IEEE Transactions on Cloud Computing,IEEE,https://dblp.org/db/journals/tcc/,计算机体系结构/并行与分布计算/存储系统,期刊,C
6,Integration,"Integration, the VLSI Journal",Elsevier,http://dblp.org/db/journals/integration/,计算机体系结构/并行与分布计算/存储系统,期刊,C
7,JETTA,Journal of Electronic Testing-Theory and Applications,Springer,http://link.springer.com/journal/10836,计算机体系结构/并行与分布计算/存储系统,期刊,C
8,JGC,Journal of Grid computing,Springer,https://dblp.org/db/journals/grid/,计算机体系结构/并行与分布计算/存储系统,期刊,C
10,RTS,Real-Time Systems,Springer,http://dblp.org/db/journals/rts/,计算机体系结构/并行与分布计算/存储系统,期刊,C
11,TJSC,The Journal of Supercomputing,Springer,http://dblp.org/db/journals/tjs/,计算机体系结构/并行与分布计算/存储系统,期刊,C
12,TCASI,IEEE Transactions on Circuits and Systems I: Regular Papers,IEEE,https://dblp.org/db/journals/tcasI/index.html,计算机体系结构/并行与分布计算/存储系统,期刊,C
13,CCF-THPC,CCF Transactions on High Performance Computing,CCF,https://dblp.org/db/journals/ccfthpc/index.html,计算机体系结构/并行与分布计算/存储系统,期刊,C
14,TSUSC,IEEE Transactions on Sustainable Computing,IEEE,https://dblp.org/db/journals/tsusc/index.html,计算机体系结构/并行与分布计算/存储系统,期刊,C
1,PPoPP,ACM SIGPLAN Symposium on Principles & Practice of Parallel Programming,ACM,http://dblp.org/db/conf/ppopp/,计算机体系结构/并行与分布计算/存储系统,会议,A
2,FAST,Conference on File and Storage Technologies,USENIX,http://dblp.org/db/conf/fast/,计算机体系结构/并行与分布计算/存储系统,会议,A
3,DAC,Design Automation Conference,ACM,https://dblp.org/db/conf/dac/,计算机体系结构/并行与分布计算/存储系统,会议,A
4,HPCA,High Performance Computer Architecture,IEEE,http://dblp.org/db/conf/hpca/,计算机体系结构/并行与分布计算/存储系统,会议,A
5,MICRO,IEEE/ACM International Symposium on Microarchitecture,IEEE/ACM,https://dblp.org/db/conf/micro/,计算机体系结构/并行与分布计算/存储系统,会议,A
6,SC,"International Conference for High Performance Computing, Networking, Storage, and Analysis",IEEE,http://dblp.org/db/conf/sc/,计算机体系结构/并行与分布计算/存储系统,会议,A
7,ASPLOS,International Conference on Architectural Support for Programming Languages and Operating Systems,ACM,http://dblp.org/db/conf/asplos/,计算机体系结构/并行与分布计算/存储系统,会议,A
8,ISCA,International Symposium on Computer Architecture,ACM /IEEE,http://dblp.org/db/conf/isca/,计算机体系结构/并行与分布计算/存储系统,会议,A
9,USENIX ATC,USENIX Annual Technical Conference,USENIX,http://dblp.org/db/conf/usenix/index.html,计算机体系结构/并行与分布计算/存储系统,会议,A
10,EuroSys,European Conference on Computer Systems,ACM,http://dblp.org/db/conf/eurosys/,计算机体系结构/并行与分布计算/存储系统,会议,A
1,SoCC,ACM Symposium on Cloud Computing,ACM,http://dblp.org/db/conf/cloud/,计算机体系结构/并行与分布计算/存储系统,会议,B
2,SPAA,ACM Symposium on Parallelism in Algorithms and Architectures,ACM,http://dblp.org/db/conf/spaa/,计算机体系结构/并行与分布计算/存储系统,会议,B
3,PODC,ACM Symposium on Principles of Distributed Computing,ACM,http://dblp.org/db/conf/podc/,计算机体系结构/并行与分布计算/存储系统,会议,B
4,FPGA,ACM/SIGDA International Symposium on Field-Programmable Gate Arrays,ACM,http://dblp.org/db/conf/fpga/,计算机体系结构/并行与分布计算/存储系统,会议,B
5,CGO,Code Generation and Optimization,IEEE/ACM,http://dblp.org/db/conf/cgo/,计算机体系结构/并行与分布计算/存储系统,会议,B
6,DATE,"Design, Automation & Test in Europe",IEEE/ACM,http://dblp.org/db/conf/date/,计算机体系结构/并行与分布计算/存储系统,会议,B
7,HOT CHIPS,Hot Chips: A Symposium on High Performance Chips,IEEE,http://www.hotchips.org/,计算机体系结构/并行与分布计算/存储系统,会议,B
8,CLUSTER,IEEE International Conference on Cluster Computing,IEEE,https://dblp.org/db/conf/cluster/,计算机体系结构/并行与分布计算/存储系统,会议,B
9,ICCD,International Conference on Computer Design,IEEE,http://dblp.org/db/conf/iccd/,计算机体系结构/并行与分布计算/存储系统,会议,B
10,ICCAD,International Conference on Computer-Aided Design,IEEE/ACM,http://dblp.org/db/conf/iccad/,计算机体系结构/并行与分布计算/存储系统,会议,B
11,ICDCS,International Conference on Distributed Computing Systems,IEEE,http://dblp.org/db/conf/icdcs/,计算机体系结构/并行与分布计算/存储系统,会议,B
12,CODES+ISSS,International Conference on Hardware/Software Co-design and System Synthesis,ACM/ IEEE,http://dblp.org/db/conf/codes/index.html,计算机体系结构/并行与分布计算/存储系统,会议,B
13,HiPEAC,International Conference on High Performance and Embedded Architectures and Compilers,ACM,http://dblp.org/db/conf/hipeac/,计算机体系结构/并行与分布计算/存储系统,会议,B
14,SIGMETRICS,International Conference on Measurement and Modeling of Computer Systems,ACM,http://dblp.org/db/conf/sigmetrics/,计算机体系结构/并行与分布计算/存储系统,会议,B
15,PACT,International Conference on Parallel Architectures and Compilation Techniques,IEEE/ACM,http://dblp.org/db/conf/IEEEpact/,计算机体系结构/并行与分布计算/存储系统,会议,B
16,ICPP,International Conference on Parallel Processing,,http://dblp.org/db/conf/icpp/,计算机体系结构/并行与分布计算/存储系统,会议,B
17,ICS,International Conference on Supercomputing,ACM,http://dblp.org/db/conf/ics/,计算机体系结构/并行与分布计算/存储系统,会议,B
18,VEE,International Conference on Virtual Execution Environments,ACM,http://dblp.org/db/conf/vee/,计算机体系结构/并行与分布计算/存储系统,会议,B
19,IPDPS,International Parallel & Distributed Processing Symposium,IEEE,http://dblp.org/db/conf/ipps/,计算机体系结构/并行与分布计算/存储系统,会议,B
20,Performance,"International Symposium on Computer Performance Modeling, Measurements and Evaluation",ACM,http://dblp.org/db/conf/performance/,计算机体系结构/并行与分布计算/存储系统,会议,B
21,HPDC,International Symposium on High Performance Distributed Computing,IEEE,http://dblp.org/db/conf/hpdc/,计算机体系结构/并行与分布计算/存储系统,会议,B
22,ITC,International Test Conference,IEEE,http://dblp.org/db/conf/itc/,计算机体系结构/并行与分布计算/存储系统,会议,B
23,LISA,Large Installation System Administration Conference,USENIX,http://dblp.org/db/conf/lisa/,计算机体系结构/并行与分布计算/存储系统,会议,B
24,MSST,Mass Storage Systems and Technologies,IEEE,http://dblp.org/db/conf/mss/,计算机体系结构/并行与分布计算/存储系统,会议,B
25,RTAS,Real-Time and Embedded Technology and Applications Symposium,IEEE,http://dblp.org/db/conf/rtas/,计算机体系结构/并行与分布计算/存储系统,会议,B
26,Euro-Par,European Conference on Parallel and Distributed Computing,Springer,http://dblp.org/db/conf/europar/,计算机体系结构/并行与分布计算/存储系统,会议,B
1,CF,ACM International Conference on Computing Frontiers,ACM,http://dblp.org/db/conf/cf,计算机体系结构/并行与分布计算/存储系统,会议,C
2,SYSTOR,ACM International Systems and Storage Conference,ACM,http://dblp.org/db/conf/systor/index.html,计算机体系结构/并行与分布计算/存储系统,会议,C
3,NOCS,ACM/IEEE International Symposium on Networks-on-Chip,ACM/IEEE,http://dblp.org/db/conf/nocs,计算机体系结构/并行与分布计算/存储系统,会议,C
4,ASAP,"Application-Specific Systems, Architectures, and Processors",IEEE,http://dblp.org/db/conf/asap,计算机体系结构/并行与分布计算/存储系统,会议,C
5,ASP-DAC,Asia and South Pacific Design Automation Conference,ACM/IEEE,http://dblp.org/db/conf/aspdac,计算机体系结构/并行与分布计算/存储系统,会议,C
6,ETS,European Test Symposium,IEEE,http://dblp.org/db/conf/ets/,计算机体系结构/并行与分布计算/存储系统,会议,C
7,FPL,Field Programmable Logic and Applications,IEEE,http://dblp.org/db/conf/fpl/,计算机体系结构/并行与分布计算/存储系统,会议,C
8,FCCM,Field-Programmable Custom Computing Machines,IEEE,http://dblp.org/db/conf/fccm/,计算机体系结构/并行与分布计算/存储系统,会议,C
9,GLSVLSI,Great Lakes Symposium on VLSI,ACM/IEEE,http://dblp.org/db/conf/glvlsi/,计算机体系结构/并行与分布计算/存储系统,会议,C
10,ATS,IEEE Asian Test Symposium,IEEE,http://dblp.org/db/conf/ats/,计算机体系结构/并行与分布计算/存储系统,会议,C
11,HPCC,IEEE International Conference on High Performance Computing and Communications,IEEE,http://dblp.org/db/conf/hpcc/,计算机体系结构/并行与分布计算/存储系统,会议,C
12,HiPC,"IEEE International Conference on High Performance Computing, Data and Analytics",IEEE/ ACM,http://dblp.org/db/conf/hipc/index.html,计算机体系结构/并行与分布计算/存储系统,会议,C
13,MASCOTS,"IEEE International Symposium on Modeling, Analysis, and Simulation of Computer and Telecommunication Systems",IEEE,http://dblp.org/db/conf/mascots/,计算机体系结构/并行与分布计算/存储系统,会议,C
14,ISPA,IEEE International Symposium on Parallel and Distributed Processing with Applications,IEEE,http://dblp.org/db/conf/ispa/,计算机体系结构/并行与分布计算/存储系统,会议,C
15,CCGRID,"IEEE/ACM International Symposium on Cluster, Cloud and Grid Computing",ACM/IEEE,http://dblp.org/db/conf/ccgrid/,计算机体系结构/并行与分布计算/存储系统,会议,C
16,NPC,IFIP International Conference on Network and Parallel Computing,Springer,http://dblp.org/db/conf/npc/,计算机体系结构/并行与分布计算/存储系统,会议,C
17,ICA3PP,International Conference on Algorithms and Architectures for Parallel Processing,IEEE,http://dblp.org/db/conf/ica3pp/,计算机体系结构/并行与分布计算/存储系统,会议,C
18,CASES,"International Conference on Compilers, Architectures, and Synthesis for Embedded Systems",ACM,http://dblp.org/db/conf/cases/index.html,计算机体系结构/并行与分布计算/存储系统,会议,C
19,FPT,International Conference on Field-Programmable Technology,IEEE,http://dblp.org/db/conf/fpt/,计算机体系结构/并行与分布计算/存储系统,会议,C
20,ICPADS,International Conference on Parallel and Distributed Systems,IEEE,http://dblp.org/db/conf/icpads/,计算机体系结构/并行与分布计算/存储系统,会议,C
21,ISCAS,International Symposium on Circuits and Systems,IEEE,http://dblp.org/db/conf/iscas/,计算机体系结构/并行与分布计算/存储系统,会议,C
22,ISLPED,International Symposium on Low Power Electronics and Design,ACM/IEEE,http://dblp.org/db/conf/islped/,计算机体系结构/并行与分布计算/存储系统,会议,C
23,ISPD,International Symposium on Physical Design,ACM,http://dblp.org/db/conf/ispd/,计算机体系结构/并行与分布计算/存储系统,会议,C
24,HotI,Symposium on High-Performance Interconnects,IEEE,http://dblp.org/db/conf/hoti/,计算机体系结构/并行与分布计算/存储系统,会议,C
25,VTS,VLSI Test Symposium,IEEE,http://dblp.org/db/conf/vts/,计算机体系结构/并行与分布计算/存储系统,会议,C
26,ITC-Asia,International Test Conference in Asia,IEEE,https://dblp.org/db/conf/itc-asia/index.html,计算机体系结构/并行与分布计算/存储系统,会议,C
1,JSAC,IEEE Journal of Selected Areas in Communications,IEEE,http://dblp.org/db/journals/jsac/,计算机网络,期刊,A
2,TMC,IEEE Transactions on Mobile Computing,IEEE,http://dblp.org/db/journals/tmc/,计算机网络,期刊,A
3,TON,IEEE/ACM Transactions on Networking,IEEE/ACM,http://dblp.org/db/journals/ton/,计算机网络,期刊,A
1,TOIT,ACM Transactions on Internet Technology,ACM,http://dblp.org/db/journals/toit/,计算机网络,期刊,B
2,TOMCCAP,"ACM Transactions on Multimedia Computing, Communications and Applications",ACM,http://dblp.org/db/journals/tomccap/,计算机网络,期刊,B
3,TOSN,ACM Transactions on Sensor Networks,ACM,http://dblp.org/db/journals/tosn/,计算机网络,期刊,B
4,CN,Computer Networks,Elsevier,http://dblp.org/db/journals/cn/,计算机网络,期刊,B
5,TCOM,IEEE Transactions on Communications,IEEE,http://dblp.org/db/journals/tcom/,计算机网络,期刊,B
6,TWC,IEEE Transactions on Wireless Communications,IEEE,http://dblp.org/db/journals/twc/,计算机网络,期刊,B
1,,Ad Hoc Networks,Elsevier,http://dblp.org/db/journals/adhoc/,计算机网络,期刊,C
2,CC,Computer Communications,Elsevier,http://dblp.org/db/journals/comcom/,计算机网络,期刊,C
3,TNSM,IEEE Transactions on Network and Service Management,IEEE,http://dblp.org/db/journals/tnsm/,计算机网络,期刊,C
4,,IET Communications,IET,http://dblp.org/db/journals/iet-com/,计算机网络,期刊,C
5,JNCA,Journal of Network and Computer Applications,Elsevier,http://dblp.org/db/journals/jnca/,计算机网络,期刊,C
6,MONET,Mobile Networks & Applications,Springer,http://dblp.org/db/journals/monet/,计算机网络,期刊,C
7,,Networks,Wiley,http://dblp.org/db/journals/networks/,计算机网络,期刊,C
8,PPNA,Peer-to-Peer Networking and Applications,Springer,http://dblp.org/db/journals/ppna/,计算机网络,期刊,C
9,WCMC,Wireless Communications & Mobile Computing,Wiley.,http://dblp.org/db/journals/wicomm/,计算机网络,期刊,C
10,,Wireless Networks,Springer,http://dblp.org/db/journals/winet/,计算机网络,期刊,C
11,IOT,IEEE Internet of Things Journal,IEEE,https://dblp.org/db/journals/iot/index.html,计算机网络,期刊,C
1,SIGCOMM,"ACM International Conference on Applications, Technologies, Architectures, and Protocols for Computer Communication",ACM,http://dblp.org/db/conf/sigcomm/index.html,计算机网络,会议,A
2,MobiCom,ACM International Conference on Mobile Computing and Networking,ACM,http://dblp.org/db/conf/mobicom/,计算机网络,会议,A
3,INFOCOM,IEEE International Conference on Computer Communications,IEEE,http://dblp.org/db/conf/infocom/,计算机网络,会议,A
4,NSDI,Symposium on Network System Design and Implementation,USENIX,http://dblp.org/db/conf/nsdi/,计算机网络,会议,A
1,SenSys,ACM Conference on Embedded Networked Sensor Systems,ACM,http://dblp.org/db/conf/sensys/,计算机网络,会议,B
2,CoNEXT,ACM International Conference on Emerging Networking Experiments and Technologies,ACM,http://dblp.org/db/conf/conext/,计算机网络,会议,B
3,SECON,IEEE Communications Society Conference on Sensor and Ad Hoc Communications and Networks,IEEE,http://dblp.org/db/conf/secon/,计算机网络,会议,B
4,IPSN,International Conference on Information Processing in Sensor Networks,IEEE/ACM,http://dblp.org/db/conf/ipsn/,计算机网络,会议,B
5,MobiSys,"International Conference on Mobile Systems, Applications, and Services",ACM,http://dblp.org/db/conf/mobisys/,计算机网络,会议,B
6,ICNP,International Conference on Network Protocols,IEEE,http://dblp.org/db/conf/icnp/,计算机网络,会议,B
7,MobiHoc,International Symposium on Mobile Ad Hoc Networking and Computing,ACM/IEEE,http://dblp.org/db/conf/mobihoc/,计算机网络,会议,B
8,NOSSDAV,International Workshop on Network and Operating System Support for Digital Audio and Video,ACM,http://dblp.org/db/conf/nossdav/,计算机网络,会议,B
9,IWQoS,International Workshop on Quality of Service,IEEE,http://dblp.org/db/conf/iwqos/,计算机网络,会议,B
10,IMC,Internet Measurement Conference,ACM/USENIX,http://dblp.org/db/conf/imc/,计算机网络,会议,B
1,ANCS,Architectures for Networking and Communications Systems,ACM/IEE E,http://dblp.org/db/conf/ancs/,计算机网络,会议,C
2,APNOMS,Asia-Pacific Network Operations and Management Symposium,IFIP/IEEE,http://dblp.org/db/conf/apnoms/,计算机网络,会议,C
3,FORTE,Formal Techniques for Networked and Distributed Systems,Springer,http://dblp.org/db/conf/forte/,计算机网络,会议,C
4,LCN,IEEE Conference on Local Computer Networks,IEEE,http://dblp.org/db/conf/lcn/,计算机网络,会议,C
5,GLOBECO M,IEEE Global Communications Conference,IEEE,http://dblp.org/db/conf/globecom/,计算机网络,会议,C
6,ICC,IEEE International Conference on Communications,IEEE,http://dblp.org/db/conf/icc/,计算机网络,会议,C
7,ICCCN,IEEE International Conference on Computer Communications and Networks,IEEE,http://dblp.org/db/conf/icccn/,计算机网络,会议,C
8,MASS,IEEE International Conference on Mobile Ad-hoc and Sensor Systems,IEEE,http://dblp.org/db/conf/mass/index.html,计算机网络,会议,C
9,P2P,IEEE International Conference on Peer-to-Peer Computing,IEEE,http://dblp.org/db/conf/p2p/,计算机网络,会议,C
10,IPCCC,IEEE International Performance Computing and Communications Conference,IEEE,http://dblp.org/db/conf/ipccc/,计算机网络,会议,C
11,WoWMoM,"IEEE International Symposium on a World of Wireless, Mobile and Multimedia Networks",IEEE,http://dblp.org/db/conf/wowmom/,计算机网络,会议,C
12,ISCC,IEEE Symposium on Computers and Communications,IEEE,http://dblp.org/db/conf/iscc/,计算机网络,会议,C
13,WCNC,IEEE Wireless Communications & Networking Conference,IEEE,http://dblp.org/db/conf/wcnc/,计算机网络,会议,C
14,Networking,IFIP International Conferences on Networking,IFIP,http://dblp.uni- trier.de/db/conf/networking/index.html,计算机网络,会议,C
15,IM,IFIP/IEEE International Symposium on Integrated Network Management,IFIP/IEEE,http://dblp.org/db/conf/im/index.html,计算机网络,会议,C
16,MSN,International Conference on Mobile Ad-hoc and Sensor Networks,IEEE,https://dblp.org/db/conf/msn/,计算机网络,会议,C
17,MSWiM,"International Conference on Modeling, Analysis and Simulation of Wireless and Mobile Systems",ACM,http://dblp.org/db/conf/mswim/,计算机网络,会议,C
18,WASA,"International Conference on Wireless Algorithms, Systems, and Applications",Springer,http://dblp.org/db/conf/wasa/,计算机网络,会议,C
19,HotNets,The Workshop on Hot Topics in Networks,ACM,http://dblp.org/db/conf/hotnets/,计算机网络,会议,C
20,APNet,Asia-Pacific Workshop on Networking,ACM,https://dblp.org/db/conf/apnet/index.html,计算机网络,会议,C
1,TDSC,IEEE Transactions on Dependable and Secure Computing,IEEE,http://dblp.org/db/journals/tdsc/,网络与信息安全,期刊,A
2,TIFS,IEEE Transactions on Information Forensics and Security,IEEE,http://dblp.org/db/journals/tifs/,网络与信息安全,期刊,A
3,,Journal of Cryptology,Springer,http://dblp.org/db/journals/joc/,网络与信息安全,期刊,A
1,TOPS,ACM Transactions on Privacy and Security,ACM,https://tops.acm.org/,网络与信息安全,期刊,B
2,,Computers & Security,Elsevier,http://dblp.org/db/journals/compsec/,网络与信息安全,期刊,B
3,,"Designs, Codes and Cryptography",Springer,http://dblp.org/db/journals/dcc/,网络与信息安全,期刊,B
4,JCS,Journal of Computer Security,IOS Press,http://dblp.org/db/journals/jcs/,网络与信息安全,期刊,B
1,CLSR,Computer Law and Security Review,Elsevier,http://www.journals.elsevier.com/computer-law-and- security-review/,网络与信息安全,期刊,C
2,,EURASIP Journal on Information Security,Springer,http://dblp.org/db/journals/ejisec/,网络与信息安全,期刊,C
3,,IET Information Security,IET,http://dblp.org/db/journals/iet-ifs/,网络与信息安全,期刊,C
4,IMCS,Information Management & Computer Security,Emerald,http://dblp.org/db/journals/imcs/,网络与信息安全,期刊,C
5,IJICS,International Journal of Information and Computer Security,Inderscience,http://dblp.org/db/journals/ijics/,网络与信息安全,期刊,C
6,IJISP,International Journal of Information Security and Privacy,Idea Group Inc,http://dblp.org/db/journals/ijisp/,网络与信息安全,期刊,C
7,JISA,Journal of Information Security and Application,Elsevier,https://dblp.org/db/journals/istr/,网络与信息安全,期刊,C
8,SCN,Security and Communication Networks,Wiley,http://dblp.org/db/journals/scn/,网络与信息安全,期刊,C
9,,Cybersecurity,Springer,https://dblp.org/db/journals/cybersecurity/index.html,网络与信息安全,期刊,C
1,CCS,ACM Conference on Computer and Communications Security,ACM,http://dblp.org/db/conf/ccs/,网络与信息安全,会议,A
2,EUROCRYPT,European Cryptology Conference,Springer,http://dblp.org/db/conf/eurocrypt/,网络与信息安全,会议,A
3,S&P,IEEE Symposium on Security and Privacy,IEEE,http://dblp.org/db/conf/sp/,网络与信息安全,会议,A
4,CRYPTO,International Cryptology Conference,Springer,http://dblp.org/db/conf/crypto/,网络与信息安全,会议,A
5,USENIX Security,Usenix Security Symposium,USENIX Association,http://dblp.org/db/conf/uss/,网络与信息安全,会议,A
6,NDSS,ISOC Network and Distributed System Security Symposium,ISOC,http://dblp.org/db/conf/ndss/,网络与信息安全,会议,A
1,ACSAC,Annual Computer Security Applications Conference,IEEE,http://dblp.org/db/conf/acsac/,网络与信息安全,会议,B
2,ASIACRYPT,Annual International Conference on the Theory and Application of Cryptology and Information Security,Springer,http://dblp.org/db/conf/asiacrypt/,网络与信息安全,会议,B
3,ESORICS,European Symposium on Research in Computer Security,Springer,http://dblp.org/db/conf/esorics/,网络与信息安全,会议,B
4,FSE,Fast Software Encryption,Springer,http://dblp.org/db/conf/fse/,网络与信息安全,会议,B
5,CSFW,IEEE Computer Security Foundations Workshop,IEEE,http://dblp.org/db/conf/csfw/,网络与信息安全,会议,B
6,SRDS,IEEE International Symposium on Reliable Distributed Systems,IEEE,http://dblp.org/db/conf/srds/,网络与信息安全,会议,B
7,CHES,International Conference on Cryptographic Hardware and Embedded Systems,Springer,http://dblp.org/db/conf/ches/,网络与信息安全,会议,B
8,DSN,International Conference on Dependable Systems and Networks,IEEE/IFIP,http://dblp.org/db/conf/dsn/,网络与信息安全,会议,B
9,RAID,International Symposium on Recent Advances in Intrusion Detection,Springer,http://dblp.org/db/conf/raid/,网络与信息安全,会议,B
10,PKC,International Workshop on Practice and Theory in Public Key Cryptography,Springer,http://dblp.org/db/conf/pkc/,网络与信息安全,会议,B
11,TCC,Theory of Cryptography Conference,Springer,http://dblp.org/db/conf/tcc/,网络与信息安全,会议,B
1,WiSec,ACM Conference on Security and Privacy in Wireless and Mobile Networks,ACM,http://dblp.org/db/conf/wisec/,网络与信息安全,会议,C
2,SACMAT,ACM Symposium on Access Control Models and Technologies,ACM,http://dblp.org/db/conf/sacmat/,网络与信息安全,会议,C
3,DRM,ACM Workshop on Digital Rights Management,ACM,http://dblp.org/db/conf/drm/,网络与信息安全,会议,C
4,IH&MMSec,ACM Workshop on Information Hiding and Multimedia Security,ACM,http://dblp.org/db/conf/ih/,网络与信息安全,会议,C
5,ACNS,Applied Cryptography and Network Security,Springer,http://dblp.org/db/conf/acns/,网络与信息安全,会议,C
6,AsiaCCS,Asia Conference on Computer and Communications Security,ACM,http://dblp.org/db/conf/ccs/,网络与信息安全,会议,C
7,ACISP,Australasia Conference on Information Security and Privacy,Springer,http://dblp.org/db/conf/acisp/,网络与信息安全,会议,C
8,CT-RSA,Cryptographer's Track at RSA Conference,Springer,http://dblp.org/db/conf/ctrsa/,网络与信息安全,会议,C
9,DIMVA,Detection of Intrusions and Malware & Vulnerability Assessment,,http://dblp.org/db/conf/dimva/,网络与信息安全,会议,C
10,DFRWS,Digital Forensic Research Workshop,Elsevier,http://dblp.org/db/conf/dfrws/,网络与信息安全,会议,C
11,FC,Financial Cryptography and Data Security,Springer,http://dblp.org/db/conf/fc/,网络与信息安全,会议,C
12,TrustCom,"IEEE International Conference on Trust, Security and Privacy in Computing and Communications",IEEE,http://dblp.org/db/conf/trustcom/,网络与信息安全,会议,C
13,SEC,IFIP International Information Security Conference,Springer,http://dblp.org/db/conf/sec/,网络与信息安全,会议,C
14,IFIP WG 11.9,IFIP WG 11.9 International Conference on Digital Forensics,Springer,*http://www.ifip119.org/Conferences/,网络与信息安全,会议,C
15,ISC,Information Security Conference,Springer,http://dblp.org/db/conf/isw/,网络与信息安全,会议,C
16,ICDF2C,International Conference on Digital Forensics & Cyber Crime,Springer,http://dblp.org/db/conf/icdf2c/,网络与信息安全,会议,C
17,ICICS,International Conference on Information and Communications Security,Springer,http://dblp.org/db/conf/icics/,网络与信息安全,会议,C
18,SecureComm,International Conference on Security and Privacy in Communication Networks,ACM,http://dblp.uni- trier.de/db/conf/securecomm/,网络与信息安全,会议,C
19,NSPW,New Security Paradigms Workshop,ACM,http://dblp.org/db/conf/nspw/,网络与信息安全,会议,C
20,PAM,Passive and Active Measurement Conference,Springer,http://dblp.org/db/conf/pam/,网络与信息安全,会议,C
21,PETS,Privacy Enhancing Technologies Symposium,Springer,http://dblp.org/db/conf/pet/,网络与信息安全,会议,C
22,SAC,Selected Areas in Cryptography,Springer,http://dblp.org/db/conf/sacrypt/,网络与信息安全,会议,C
23,SOUPS,Symposium On Usable Privacy and Security,USENIX,http://dblp.org/db/conf/soups/,网络与信息安全,会议,C
24,HotSec,USENIX Workshop on Hot Topics in Security,USENIX,*http://www.usenix.org/events/,网络与信息安全,会议,C
25,EuroS&P,IEEE European Symposium on Security and Privacy,IEEE,https://dblp.org/db/conf/eurosp/index.html,网络与信息安全,会议,C
26,Inscrypt,International Conference on Information Security and Cryptology,Springer,https://dblp.org/db/conf/cisc/index.html,网络与信息安全,会议,C
1,TOPLAS,ACM Transactions on Programming Languages & Systems,ACM,http://dblp.org/db/journals/toplas/,软件工程/系统软件/程序设计语言,期刊,A
2,TOSEM,ACM Transactions on Software Engineering and Methodology,ACM,http://dblp.org/db/journals/tosem/,软件工程/系统软件/程序设计语言,期刊,A
3,TSE,IEEE Transactions on Software Engineering,IEEE,http://dblp.org/db/journals/tse/,软件工程/系统软件/程序设计语言,期刊,A
4,TSC,IEEE Transactions on Services Computing,IEEE,http://dblp.org/db/journals/tsc/,软件工程/系统软件/程序设计语言,期刊,A
1,ASE,Automated Software Engineering,Springer,http://dblp.org/db/journals/ase/,软件工程/系统软件/程序设计语言,期刊,B
2,ESE,Empirical Software Engineering,Springer,http://dblp.org/db/journals/ese/,软件工程/系统软件/程序设计语言,期刊,B
3,IETS,IET Software,IET,https://dblp.org/db/journals/iet-sen/,软件工程/系统软件/程序设计语言,期刊,B
4,IST,Information and Software Technology,Elsevier,http://dblp.org/db/journals/infsof/index.html,软件工程/系统软件/程序设计语言,期刊,B
5,JFP,Journal of Functional Programming,Cambridge University Press,http://dblp.org/db/journals/jfp/,软件工程/系统软件/程序设计语言,期刊,B
6,,Journal of Software: Evolution and Process,Wiley,http://dblp.org/db/journals/smr/,软件工程/系统软件/程序设计语言,期刊,B
7,JSS,Journal of Systems and Software,Elsevier,http://dblp.org/db/journals/jss/,软件工程/系统软件/程序设计语言,期刊,B
8,RE,Requirements Engineering,Springer,http://dblp.org/db/journals/re/,软件工程/系统软件/程序设计语言,期刊,B
9,SCP,Science of Computer Programming,Elsevier,http://dblp.org/db/journals/scp/,软件工程/系统软件/程序设计语言,期刊,B
10,SoSyM,Software and System Modeling,Springer,http://dblp.org/db/journals/sosym/,软件工程/系统软件/程序设计语言,期刊,B
11,STVR,"Software Testing, Verification and Reliability",Wiley,http://dblp.org/db/journals/stvr/index.html,软件工程/系统软件/程序设计语言,期刊,B
12,SPE,Software: Practice and Experience,Wiley,http://dblp.org/db/journals/spe/,软件工程/系统软件/程序设计语言,期刊,B
1,CL,"Computer Languages, Systems and Structures",Elsevier,http://dblp.org/db/journals/cl/index.html,软件工程/系统软件/程序设计语言,期刊,C
2,IJSEKE,International Journal on Software Engineering and Knowledge Engineering,World Scientific,http://dblp.org/db/journals/ijseke/index.html,软件工程/系统软件/程序设计语言,期刊,C
3,STTT,International Journal on Software Tools for Technology Transfer,Springer,http://dblp.org/db/journals/sttt/,软件工程/系统软件/程序设计语言,期刊,C
4,JLAP,Journal of Logic and Algebraic Programming,Elsevier,http://dblp.org/db/journals/jlp/jlap.html,软件工程/系统软件/程序设计语言,期刊,C
5,JWE,Journal of Web Engineering,Rinton Press,http://dblp.org/db/journals/jwe/,软件工程/系统软件/程序设计语言,期刊,C
6,SOCA,Service Oriented Computing and Applications,Springer,http://dblp.org/db/journals/soca/,软件工程/系统软件/程序设计语言,期刊,C
7,SQJ,Software Quality Journal,Springer,http://dblp.org/db/journals/sqj/,软件工程/系统软件/程序设计语言,期刊,C
8,TPLP,Theory and Practice of Logic Programming,Cambridge University Press,http://dblp.org/db/journals/tplp/,软件工程/系统软件/程序设计语言,期刊,C
9,PACM PL,Proceedings of the ACM on Programming Languages,ACM,https://dblp.org/db/journals/pacmpl/index.html,软件工程/系统软件/程序设计语言,期刊,C
1,PLDI,ACM SIGPLAN Conference on Programming Language Design & Implementation,ACM,http://dblp.org/db/conf/pldi/,软件工程/系统软件/程序设计语言,会议,A
2,POPL,ACM SIGPLAN-SIGACT Symposium on Principles of Programming Languages,ACM,http://dblp.org/db/conf/popl/,软件工程/系统软件/程序设计语言,会议,A
3,FSE/ESEC,ACM SIGSOFT Symposium on the Foundation of Software Engineering/ European Software Engineering Conference,ACM,http://dblp.org/db/conf/sigsoft/,软件工程/系统软件/程序设计语言,会议,A
4,SOSP,ACM Symposium on Operating Systems Principles,ACM,http://dblp.org/db/conf/sosp/,软件工程/系统软件/程序设计语言,会议,A
5,OOPSLA,"Conference on Object-Oriented Programming Systems, Languages, and Applications",ACM,http://dblp.org/db/conf/oopsla/,软件工程/系统软件/程序设计语言,会议,A
6,ASE,International Conference on Automated Software Engineering,IEEE/ACM,http://dblp.org/db/conf/kbse/,软件工程/系统软件/程序设计语言,会议,A
7,ICSE,International Conference on Software Engineering,ACM/IEEE,http://dblp.org/db/conf/icse/,软件工程/系统软件/程序设计语言,会议,A
8,ISSTA,International Symposium on Software Testing and Analysis,ACM,http://dblp.org/db/conf/issta/,软件工程/系统软件/程序设计语言,会议,A
9,OSDI,USENIX Symposium on Operating Systems Design and Implementations,USENIX,http://dblp.org/db/conf/osdi/,软件工程/系统软件/程序设计语言,会议,A
10,FM,International Symposium on Formal Methods,FME,http://dblp.org/db/conf/fm/,软件工程/系统软件/程序设计语言,会议,A
1,ECOOP,European Conference on Object-Oriented Programming,AITO,http://dblp.org/db/conf/ecoop/,软件工程/系统软件/程序设计语言,会议,B
2,ETAPS,European Joint Conferences on Theory and Practice of Software,Springer,http://dblp.org/db/conf/etaps/,软件工程/系统软件/程序设计语言,会议,B
3,ICPC,IEEE International Conference on Program Comprehension,IEEE,http://dblp.org/db/conf/iwpc/,软件工程/系统软件/程序设计语言,会议,B
4,RE,IEEE International Requirements Engineering Conference,IEEE,http://dblp.org/db/conf/re/,软件工程/系统软件/程序设计语言,会议,B
5,CAiSE,International Conference on Advanced Information Systems Engineering,Springer,http://dblp.org/db/conf/caise/,软件工程/系统软件/程序设计语言,会议,B
6,ICFP,International Conference on Function Programming,ACM,http://dblp.org/db/conf/icfp/,软件工程/系统软件/程序设计语言,会议,B
7,LCTES,"International Conference on Languages, Compilers and Tools for Embedded Systems",ACM,http://dblp.org/db/conf/lctrts/,软件工程/系统软件/程序设计语言,会议,B
8,MoDELS,International Conference on Model Driven Engineering Languages and Systems,"ACM, IEEE",http://dblp.org/db/conf/models/,软件工程/系统软件/程序设计语言,会议,B
9,CP,International Conference on Principles and Practice of Constraint Programming,Springer,http://dblp.org/db/conf/cp/,软件工程/系统软件/程序设计语言,会议,B
10,ICSOC,International Conference on Service Oriented Computing,Springer,http://dblp.org/db/conf/icsoc/,软件工程/系统软件/程序设计语言,会议,B
11,SANER,"International Conference on Software Analysis, Evolution, and Reengineering",IEEE,http://dblp.org/db/conf/wcre/,软件工程/系统软件/程序设计语言,会议,B
12,ICSME,International Conference on Software Maintenance and Evolution,IEEE,http://dblp.org/db/conf/icsm/,软件工程/系统软件/程序设计语言,会议,B
13,VMCAI,"International Conference on Verification, Model Checking, and Abstract Interpretation",Springer,http://dblp.org/db/conf/vmcai/,软件工程/系统软件/程序设计语言,会议,B
14,ICWS,International Conference on Web Services （Research Track）,IEEE,http://dblp.org/db/conf/icws/,软件工程/系统软件/程序设计语言,会议,B
15,Middleware,International Middleware Conference,ACM/IFIP/ USENIX,http://dblp.org/db/conf/middleware/,软件工程/系统软件/程序设计语言,会议,B
16,SAS,International Static Analysis Symposium,Springer,http://dblp.org/db/conf/sas/,软件工程/系统软件/程序设计语言,会议,B
17,ESEM,International Symposium on Empirical Software Engineering and Measurement,ACM/IEEE,http://dblp.org/db/conf/esem/,软件工程/系统软件/程序设计语言,会议,B
18,ISSRE,International Symposium on Software Reliability Engineering,IEEE,http://dblp.org/db/conf/issre/,软件工程/系统软件/程序设计语言,会议,B
19,HotOS,USENIX Workshop on Hot Topics in Operating Systems,USENIX,http://dblp.org/db/conf/hotos/,软件工程/系统软件/程序设计语言,会议,B
1,PEPM,ACM SIGPLAN Workshop on Partial Evaluation and Program Manipulation,ACM,http://dblp.org/db/conf/pepm/,软件工程/系统软件/程序设计语言,会议,C
2,PASTE,ACMSIGPLAN-SIGSOFT Workshop on Program Analysis for Software Tools and Engineering,ACM,http://dblp.org/db/conf/paste/,软件工程/系统软件/程序设计语言,会议,C
3,APLAS,Asian Symposium on Programming Languages and Systems,Springer,http://dblp.org/db/conf/aplas/,软件工程/系统软件/程序设计语言,会议,C
4,APSEC,Asia-Pacific Software Engineering Conference,IEEE,http://dblp.org/db/conf/apsec/,软件工程/系统软件/程序设计语言,会议,C
5,EASE,Evaluation and Assessment in Software Engineering,ACM,http://dblp.org/db/conf/ease/,软件工程/系统软件/程序设计语言,会议,C
6,ICECCS,IEEE International Conference on Engineering of Complex Computer Systems,IEEE,http://dblp.org/db/conf/iceccs/,软件工程/系统软件/程序设计语言,会议,C
7,ICST,"IEEE International Conference on Software Testing, Verification and Validation",IEEE,http://dblp.org/db/conf/icst/,软件工程/系统软件/程序设计语言,会议,C
8,ISPASS,IEEE International Symposium on Performance Analysis of Systems and Software,IEEE,http://dblp.org/db/conf/ispass/,软件工程/系统软件/程序设计语言,会议,C
9,SCAM,IEEE International Working Conference on Source Code Analysis and Manipulation,IEEE,http://dblp.org/db/conf/scam/,软件工程/系统软件/程序设计语言,会议,C
10,COMPSAC,International Computer Software and Applications Conference,IEEE,http://dblp.org/db/conf/compsac/,软件工程/系统软件/程序设计语言,会议,C
11,ICFEM,International Conference on Formal Engineering Methods,Springer,http://dblp.org/db/conf/icfem/,软件工程/系统软件/程序设计语言,会议,C
12,TOOLS,"International Conference on Objects, Models, Components, Patterns",Springer,http://dblp.org/db/conf/tools/index.html,软件工程/系统软件/程序设计语言,会议,C
13,SCC,International Conference on Service Computing,IEEE,http://dblp.org/db/conf/IEEEscc/,软件工程/系统软件/程序设计语言,会议,C
14,ICSSP,International Conference on Software and System Process,ACM,http://dblp.org/db/conf/ispw/,软件工程/系统软件/程序设计语言,会议,C
15,SEKE,International Conference on Software Engineering and Knowledge Engineering,KSI,http://dblp.org/db/conf/seke/,软件工程/系统软件/程序设计语言,会议,C
16,QRS,"International Conference on Software Quality, Reliability and Security",IEEE,https://dblp.org/db/conf/qrs/,软件工程/系统软件/程序设计语言,会议,C
17,ICSR,International Conference on Software Reuse,Springer,http://dblp.org/db/conf/icsr/,软件工程/系统软件/程序设计语言,会议,C
18,ICWE,International Conference on Web Engineering,Springer,http://dblp.org/db/conf/icwe/,软件工程/系统软件/程序设计语言,会议,C
19,SPIN,International SPIN Workshop on Model Checking Software,Springer,http://dblp.org/db/conf/spin/index.html,软件工程/系统软件/程序设计语言,会议,C
20,ATVA,International Symposium on Automated Technology for Verification and Analysis,Springer,http://dblp.org/db/conf/atva/,软件工程/系统软件/程序设计语言,会议,C
21,LOPSTR,International Symposium on Logic-based Program Synthesis and Transformation,Springer,http://dblp.org/db/conf/lopstr/,软件工程/系统软件/程序设计语言,会议,C
22,TASE,International Symposium on Theoretical Aspects of Software Engineering,IEEE,http://dblp.org/db/conf/tase/,软件工程/系统软件/程序设计语言,会议,C
23,MSR,Mining Software Repositories,IEEE/ACM,http://dblp.org/db/conf/msr/,软件工程/系统软件/程序设计语言,会议,C
24,REFSQ,Requirements Engineering: Foundation for Software Quality,Springer,http://dblp.org/db/conf/refsq/,软件工程/系统软件/程序设计语言,会议,C
25,WICSA,Working IEEE/IFIP Conference on Software Architecture,IEEE,http://dblp.org/db/conf/wicsa/,软件工程/系统软件/程序设计语言,会议,C
26,Internetware,The Asia-Pacific Symposium on Internetware,ACM,https://dblp.org/db/conf/internetware/index.html,软件工程/系统软件/程序设计语言,会议,C
27,RV,International Conference on Runtime Verification,Springer,https://dblp.org/db/conf/rv/index.html,软件工程/系统软件/程序设计语言,会议,C
1,TODS,ACM Transactions on Database Systems,ACM,http://dblp.org/db/journals/tods/,数据库/数据挖掘/内容检索,期刊,A
2,TOIS,ACM Transactions on Information Systems,ACM,http://dblp.org/db/journals/tois/,数据库/数据挖掘/内容检索,期刊,A
3,TKDE,IEEE Transactions on Knowledge and Data Engineering,IEEE,http://dblp.org/db/journals/tkde/,数据库/数据挖掘/内容检索,期刊,A
4,VLDBJ,The VLDB Journal,Springer,http://dblp.org/db/journals/vldb/,数据库/数据挖掘/内容检索,期刊,A
1,TKDD,ACM Transactions on Knowledge Discovery from Data,ACM,http://dblp.org/db/journals/tkdd/,数据库/数据挖掘/内容检索,期刊,B
2,TWEB,ACM Transactions on the Web,ACM,http://dblp.org/db/journals/tweb/,数据库/数据挖掘/内容检索,期刊,B
3,AEI,Advanced Engineering Informatics,Elsevier,http://dblp.org/db/journals/aei/,数据库/数据挖掘/内容检索,期刊,B
4,DKE,Data and Knowledge Engineering,Elsevier,http://dblp.org/db/journals/dke/,数据库/数据挖掘/内容检索,期刊,B
5,DMKD,Data Mining and Knowledge Discovery,Springer,http://dblp.org/db/journals/datamine/,数据库/数据挖掘/内容检索,期刊,B
6,EJIS,European Journal of Information Systems,Springer,http://dblp.org/db/journals/ejis/,数据库/数据挖掘/内容检索,期刊,B
7,,GeoInformatica,Springer,http://dblp.org/db/journals/geoinformatica/,数据库/数据挖掘/内容检索,期刊,B
8,IPM,Information Processing and Management,Elsevier,http://dblp.org/db/journals/ipm/,数据库/数据挖掘/内容检索,期刊,B
9,,Information Sciences,Elsevier,http://dblp.org/db/journals/isci/,数据库/数据挖掘/内容检索,期刊,B
10,IS,Information Systems,Elsevier,http://dblp.org/db/journals/is/,数据库/数据挖掘/内容检索,期刊,B
11,JASIST,Journal of the American Society for Information Science and Technology,American Society for Information Science and Technology,http://dblp.org/db/journals/jasis/,数据库/数据挖掘/内容检索,期刊,B
12,JWS,Journal of Web Semantics,Elsevier,http://dblp.org/db/journals/ws/,数据库/数据挖掘/内容检索,期刊,B
13,KAIS,Knowledge and Information Systems,Springer,http://dblp.org/db/journals/kais/,数据库/数据挖掘/内容检索,期刊,B
1,DPD,Distributed and Parallel Databases,Springer,http://dblp.org/db/journals/dpd/,数据库/数据挖掘/内容检索,期刊,C
2,I&M,Information and Management,Elsevier,http://dblp.org/db/journals/iam/,数据库/数据挖掘/内容检索,期刊,C
3,IPL,Information Processing Letters,Elsevier,http://dblp.org/db/journals/ipl/,数据库/数据挖掘/内容检索,期刊,C
4,IR,Information Retrieval Journal,Springer,http://dblp.org/db/journals/ir/,数据库/数据挖掘/内容检索,期刊,C
5,IJCIS,International Journal of Cooperative Information Systems,World Scientific,http://dblp.org/db/journals/ijcis/,数据库/数据挖掘/内容检索,期刊,C
6,IJGIS,International Journal of Geographical Information Science,Taylor & Francis,http://dblp.org/db/journals/gis/,数据库/数据挖掘/内容检索,期刊,C
7,IJIS,International Journal of Intelligent Systems,Wiley,http://dblp.org/db/journals/ijis/,数据库/数据挖掘/内容检索,期刊,C
8,IJKM,International Journal of Knowledge Management,IGI,http://dblp.org/db/journals/ijkm/,数据库/数据挖掘/内容检索,期刊,C
9,IJSWIS,International Journal on Semantic Web and Information Systems,IGI,http://dblp.org/db/journals/ijswis/,数据库/数据挖掘/内容检索,期刊,C
10,JCIS,Journal of Computer Information Systems,IACIS,http://dblp.org/db/journals/jcis/,数据库/数据挖掘/内容检索,期刊,C
11,JDM,Journal of Database Management,IGI-Global,http://dblp.org/db/journals/jdm/,数据库/数据挖掘/内容检索,期刊,C
12,JGITM,Journal of Global Information Technology Management,Ivy League Publishing,http://www.tandfonline.com/loi/ugit20#.Vnv35pN97rI,数据库/数据挖掘/内容检索,期刊,C
13,JIIS,Journal of Intelligent Information Systems,Springer,http://dblp.org/db/journals/jiis/,数据库/数据挖掘/内容检索,期刊,C
14,JSIS,Journal of Strategic Information Systems,Elsevier,http://dblp.org/db/journals/jsis/,数据库/数据挖掘/内容检索,期刊,C
15,DSE,Data Science and Engineering,CCF,https://dblp.org/db/journals/dase/index.html,数据库/数据挖掘/内容检索,期刊,C
1,SIGMOD,ACM Conference on Management of Data,ACM,http://dblp.org/db/conf/sigmod/,数据库/数据挖掘/内容检索,会议,A
2,SIGKDD,ACM Knowledge Discovery and Data Mining,ACM,http://dblp.org/db/conf/kdd/,数据库/数据挖掘/内容检索,会议,A
3,ICDE,IEEE International Conference on Data Engineering,IEEE,http://dblp.org/db/conf/icde/,数据库/数据挖掘/内容检索,会议,A
4,SIGIR,International Conference on Research on Development in Information Retrieval,ACM,http://dblp.org/db/conf/sigir/,数据库/数据挖掘/内容检索,会议,A
5,VLDB,International Conference on Very Large Data Bases,Morgan Kaufmann/ACM,http://dblp.org/db/conf/vldb/,数据库/数据挖掘/内容检索,会议,A
1,CIKM,ACM International Conference on Information and Knowledge Management,ACM,http://dblp.org/db/conf/cikm/,数据库/数据挖掘/内容检索,会议,B
2,WSDM,ACM International Conference on Web Search and Data Mining,ACM,http://dblp.org/db/conf/wsdm/,数据库/数据挖掘/内容检索,会议,B
3,PODS,ACM Symposium on Principles of Database Systems,ACM,http://dblp.org/db/conf/pods/,数据库/数据挖掘/内容检索,会议,B
4,DASFAA,Database Systems for Advanced Applications,Springer,http://dblp.org/db/conf/dasfaa/,数据库/数据挖掘/内容检索,会议,B
5,ECML-PKDD,European Conference on Machine Learning and Principles and Practice of Knowledge Discovery in Databases,Springer,http://dblp.org/db/conf/ecml/ http://dblp.org/db/conf/pkdd/,数据库/数据挖掘/内容检索,会议,B
6,ISWC,IEEE International Semantic Web Conference,IEEE,http://dblp.org/db/conf/semweb/,数据库/数据挖掘/内容检索,会议,B
7,ICDM,International Conference on Data Mining,IEEE,http://dblp.org/db/conf/icdm/,数据库/数据挖掘/内容检索,会议,B
8,ICDT,International Conference on Database Theory,Springer,http://dblp.org/db/conf/icdt/,数据库/数据挖掘/内容检索,会议,B
9,EDBT,International Conference on Extending DB Technology,Springer,http://dblp.org/db/conf/edbt/,数据库/数据挖掘/内容检索,会议,B
10,CIDR,International Conference on Innovative Data Systems Research,Online Proceeding,http://dblp.org/db/conf/cidr/,数据库/数据挖掘/内容检索,会议,B
11,SDM,SIAM International Conference on Data Mining,SIAM,http://dblp.org/db/conf/sdm/,数据库/数据挖掘/内容检索,会议,B
12,RecSys,ACM Conference on Recommender Systems,ACM,https://dblp.org/db/conf/recsys/index.html,数据库/数据挖掘/内容检索,会议,B
1,APWeb,Asia Pacific Web Conference,Springer,http://dblp.org/db/conf/apweb/,数据库/数据挖掘/内容检索,会议,C
2,DEXA,Database and Expert System Applications,Springer,http://dblp.org/db/conf/dexa/,数据库/数据挖掘/内容检索,会议,C
3,ECIR,European Conference on IR Research,Springer,http://dblp.org/db/conf/ecir/,数据库/数据挖掘/内容检索,会议,C
4,ESWC,Extended Semantic Web Conference,Springer,http://dblp.org/db/conf/esws/,数据库/数据挖掘/内容检索,会议,C
5,WebDB,International ACM Workshop on Web and Databases,ACM,http://dblp.org/db/conf/webdb/,数据库/数据挖掘/内容检索,会议,C
6,ER,International Conference on Conceptual Modeling,Springer,http://dblp.org/db/conf/er/,数据库/数据挖掘/内容检索,会议,C
7,MDM,International Conference on Mobile Data Management,IEEE,http://dblp.org/db/conf/mdm/,数据库/数据挖掘/内容检索,会议,C
8,SSDBM,International Conference on Scientific and Statistical DB Management,IEEE,http://dblp.org/db/conf/ssdbm/,数据库/数据挖掘/内容检索,会议,C
9,WAIM,International Conference on Web Age Information Management,Springer,http://dblp.org/db/conf/waim/,数据库/数据挖掘/内容检索,会议,C
10,SSTD,International Symposium on Spatial and Temporal Databases,Springer,http://dblp.org/db/conf/ssd/,数据库/数据挖掘/内容检索,会议,C
11,PAKDD,Pacific-Asia Conference on Knowledge Discovery and Data Mining,Springer,http://dblp.org/db/conf/pakdd/,数据库/数据挖掘/内容检索,会议,C
12,WISE,Web Information Systems Engineering,Springer,http://dblp.org/db/conf/wise/,数据库/数据挖掘/内容检索,会议,C
13,ADMA,The International Conference on Advanced Data Mining and Applications,Springer,https://dblp.org/db/conf/adma/index.html,数据库/数据挖掘/内容检索,会议,C
1,TIT,IEEE Transactions on Information Theory,IEEE,http://dblp.org/db/journals/tit/,计算机科学理论,期刊,A
2,IANDC,Information and Computation,Elsevier,http://dblp.org/db/journals/iandc/,计算机科学理论,期刊,A
3,SICOMP,SIAM Journal on Computing,SIAM,http://dblp.org/db/journals/siamcomp/,计算机科学理论,期刊,A
1,TALG,ACM Transactions on Algorithms,ACM,http://dblp.org/db/journals/talg/,计算机科学理论,期刊,B
2,TOCL,ACM Transactions on Computational Logic,ACM,http://dblp.org/db/journals/tocl/,计算机科学理论,期刊,B
3,TOMS,ACM Transactions on Mathematical Software,ACM,http://dblp.org/db/journals/toms/,计算机科学理论,期刊,B
4,Algorithmica,Algorithmica,Springer,http://dblp.org/db/journals/algorithmica/,计算机科学理论,期刊,B
5,CC,Computational Complexity,Springer,http://dblp.org/db/journals/cc/,计算机科学理论,期刊,B
6,FAC,Formal Aspects of Computing,Springer,http://dblp.org/db/journals/fac/,计算机科学理论,期刊,B
7,FMSD,Formal Methods in System Design,Springer,http://dblp.org/db/journals/fmsd/,计算机科学理论,期刊,B
8,INFORMS,INFORMS Journal on Computing,INFORMS,http://dblp.org/db/journals/informs/,计算机科学理论,期刊,B
9,JCSS,Journal of Computer and System Sciences,Elsevier,http://dblp.org/db/journals/jcss/,计算机科学理论,期刊,B
10,JGO,Journal of Global Optimization,Springer,http://dblp.org/db/journals/jgo/,计算机科学理论,期刊,B
11,JSC,Journal of Symbolic Computation,Elsevier,http://dblp.org/db/journals/jsc/,计算机科学理论,期刊,B
12,MSCS,Mathematical Structures in Computer Science,Cambridge University Press,http://dblp.org/db/journals/mscs/,计算机科学理论,期刊,B
13,TCS,Theoretical Computer Science,Elsevier,http://dblp.org/db/journals/tcs/,计算机科学理论,期刊,B
1,ACTA,Acta Informatica,Springer,http://dblp.org/db/journals/acta/,计算机科学理论,期刊,C
2,APAL,Annals of Pure and Applied Logic,Elsevier,http://dblp.org/db/journals/apal/,计算机科学理论,期刊,C
3,DAM,Discrete Applied Mathematics,Elsevier,http://dblp.org/db/journals/dam/,计算机科学理论,期刊,C
4,FUIN,Fundamenta Informaticae,IOS Press,http://dblp.org/db/journals/fuin/,计算机科学理论,期刊,C
5,LISP,Higher-Order and Symbolic Computation,Springer,http://dblp.org/db/journals/lisp/,计算机科学理论,期刊,C
6,IPL,Information Processing Letters,Elsevier,http://dblp.org/db/journals/ipl/,计算机科学理论,期刊,C
7,JCOMPLEXITY,Journal of Complexity,Elsevier,http://dblp.org/db/journals/jc/,计算机科学理论,期刊,C
8,LOGCOM,Journal of Logic and Computation,Oxford University Press,http://dblp.org/db/journals/logcom/,计算机科学理论,期刊,C
9,JSL,Journal of Symbolic Logic,Association for Symbolic Logic,http://dblp.org/db/journals/jsyml/,计算机科学理论,期刊,C
10,LMCS,Logical Methods in Computer Science,LMCS,http://dblp.org/db/journals/lmcs/,计算机科学理论,期刊,C
11,SIDMA,SIAM Journal on Discrete Mathematics,SIAM,http://dblp.org/db/journals/siamdm/,计算机科学理论,期刊,C
12,,Theory of Computing Systems,Springer,http://dblp.org/db/journals/mst/,计算机科学理论,期刊,C
1,STOC,ACM Symposium on the Theory of Computing,ACM,http://dblp.org/db/conf/stoc/,计算机科学理论,会议,A
2,SODA,ACM-SIAM Symposium on Discrete Algorithms,SIAM,http://dblp.org/db/conf/soda/,计算机科学理论,会议,A
3,CAV,Computer Aided Verification,Springer,http://dblp.org/db/conf/cav/,计算机科学理论,会议,A
4,FOCS,IEEE Annual Symposium on Foundations of Computer Science,IEEE,http://dblp.org/db/conf/focs/,计算机科学理论,会议,A
5,LICS,IEEE Symposium on Logic in Computer Science,IEEE,http://dblp.org/db/conf/lics/,计算机科学理论,会议,A
1,SoCG,ACM Symposium on Computational Geometry,ACM,http://dblp.org/db/conf/compgeom/,计算机科学理论,会议,B
2,ESA,European Symposium on Algorithms,Springer,http://dblp.org/db/conf/esa/,计算机科学理论,会议,B
3,CCC,IEEE Conference on Computational Complexity,IEEE,http://dblp.org/db/conf/coco/,计算机科学理论,会议,B
4,ICALP,"International Colloquium on Automata, Languages and Programming",Springer,http://dblp.org/db/conf/icalp/,计算机科学理论,会议,B
5,CADE/IJCAR,International Conference on Automated Deduction/International Joint Conference on Automated Reasoning,Springer,http://dblp.org/db/conf/cade/,计算机科学理论,会议,B
6,CONCUR,International Conference on Concurrency Theory,Springer,http://dblp.org/db/conf/concur/,计算机科学理论,会议,B
7,HSCC,International Conference on Hybrid Systems: Computation and Control,Springer and ACM,http://dblp.org/db/conf/hybrid/,计算机科学理论,会议,B
8,SAT,Theory and Applications of Satisfiability Testing,Springer,http://dblp.org/db/conf/sat/,计算机科学理论,会议,B
9,COCOON,International Computing and Combinatorics Conference,Springer,https://dblp.org/db/conf/cocoon/index.html,计算机科学理论,会议,B
1,CSL,Computer Science Logic,Springer,http://dblp.org/db/conf/csl/,计算机科学理论,会议,C
2,FMCAD,Formal Methods in Computer-Aided Design,ACM,http://dblp.org/db/conf/fmcad/,计算机科学理论,会议,C
3,FSTTCS,Foundations of Software Technology and Theoretical Computer Science,Indian Association for Research in Computing Science,http://dblp.org/db/conf/fsttcs/,计算机科学理论,会议,C
4,DSAA,IEEE International Conference on Data Science and Advanced Analytics,IEEE,https://dblp.org/db/conf/dsaa/,计算机科学理论,会议,C
5,ICTAC,International Colloquium on Theoretical Aspects of Computing,Springer,http://dblp.org/db/conf/ictac/,计算机科学理论,会议,C
6,IPCO,International Conference on Integer Programming and Combinatorial Optimization,Springer,http://dblp.org/db/conf/ipco/,计算机科学理论,会议,C
7,RTA,International Conference on Rewriting Techniques and Applications,Springer,http://dblp.org/db/conf/rta/,计算机科学理论,会议,C
8,ISAAC,International Symposium on Algorithms and Computation,Springer,http://dblp.org/db/conf/isaac/,计算机科学理论,会议,C
9,MFCS,Mathematical Foundations of Computer Science,Springer,http://dblp.org/db/conf/mfcs/,计算机科学理论,会议,C
10,STACS,Symposium on Theoretical Aspects of Computer Science,Springer,http://dblp.org/db/conf/stacs/,计算机科学理论,会议,C
11,SETTA,"International Symposium on Dependable Software Engineering: Theories, Tools, and Applications",Springer,https://dblp.org/db/conf/setta/index.html,计算机科学理论,会议,C
1,TOG,ACM Transactions on Graphics,ACM,http://dblp.org/db/journals/tog/,计算机图形学与多媒体,期刊,A
2,TIP,IEEE Transactions on Image Processing,IEEE,http://dblp.org/db/journals/tip/,计算机图形学与多媒体,期刊,A
3,TVCG,IEEE Transactions on Visualization and Computer Graphics,IEEE,http://dblp.org/db/journals/tvcg/,计算机图形学与多媒体,期刊,A
1,TOMCCAP,"ACM Transactions on Multimedia Computing, Communications and Application",ACM,http://dblp.org/db/journals/tomccap/,计算机图形学与多媒体,期刊,B
2,CAGD,Computer Aided Geometric Design,Elsevier,http://dblp.org/db/journals/cagd/,计算机图形学与多媒体,期刊,B
3,CGF,Computer Graphics Forum,Wiley,http://dblp.org/db/journals/cgf/,计算机图形学与多媒体,期刊,B
4,CAD,Computer-Aided Design,Elsevier,http://dblp.org/db/journals/cad/,计算机图形学与多媒体,期刊,B
5,GM,Graphical Models,Elsevier,http://dblp.org/db/journals/cvgip/,计算机图形学与多媒体,期刊,B
6,TCSVT,IEEE Transactions on Circuits and Systems for Video Technology,IEEE,http://dblp.org/db/journals/tcsv/,计算机图形学与多媒体,期刊,B
7,TMM,IEEE Transactions on Multimedia,IEEE,http://dblp.org/db/journals/tmm/,计算机图形学与多媒体,期刊,B
8,JASA,Journal of The Acoustical Society of America,AIP,http://scitation.aip.org/content/asa/journal/jasa,计算机图形学与多媒体,期刊,B
9,SIIMS,SIAM Journal on Imaging Sciences,SIAM,http://dblp.org/db/journals/siamis/,计算机图形学与多媒体,期刊,B
10,Speech Com,Speech Communication,Elsevier,http://dblp.org/db/journals/speech/,计算机图形学与多媒体,期刊,B
1,CGTA,Computational Geometry: Theory and Applications,Elsevier,http://dblp.org/db/journals/comgeo/,计算机图形学与多媒体,期刊,C
2,CAVW,Computer Animation and Virtual Worlds,Wiley,http://onlinelibrary.wiley.com/journal/10.1002/(ISSN)1546 -427X,计算机图形学与多媒体,期刊,C
3,C&G,Computers & Graphics,Elsevier,http://dblp.org/db/journals/cg/,计算机图形学与多媒体,期刊,C
4,DCG,Discrete & Computational Geometry,Springer,http://dblp.org/db/journals/dcg/,计算机图形学与多媒体,期刊,C
5,SPL,IEEE Signal Processing Letters,IEEE,http://dblp.org/db/journals/spl/,计算机图形学与多媒体,期刊,C
6,IET-IPR,IET Image Processing,IET,http://dblp.org/db/journals/iet-ipr/,计算机图形学与多媒体,期刊,C
7,JVCIR,Journal of Visual Communication and Image Representation,Elsevier,http://dblp.org/db/journals/jvcir/,计算机图形学与多媒体,期刊,C
8,MS,Multimedia Systems,Springer,http://dblp.org/db/journals/mms/,计算机图形学与多媒体,期刊,C
9,MTA,Multimedia Tools and Applications,Springer,http://dblp.org/db/journals/mta/,计算机图形学与多媒体,期刊,C
10,,Signal Processing,Elsevier,http://dblp.org/db/journals/sigpro/,计算机图形学与多媒体,期刊,C
11,SPIC,Signal Processing: Image Communication,Elsevier,http://dblp.org/db/journals/spic/,计算机图形学与多媒体,期刊,C
12,TVC,The Visual Computer,Springer,http://dblp.org/db/journals/vc/,计算机图形学与多媒体,期刊,C
13,CVMJ,Computational Visual Media,Tsinghua University; Springer,https://dblp.org/db/journals/cvm/index.html,计算机图形学与多媒体,期刊,C
1,ACM MM,ACM International Conference on Multimedia,ACM,http://dblp.org/db/conf/mm/,计算机图形学与多媒体,会议,A
2,SIGGRAPH,ACM SIGGRAPH Annual Conference,ACM,http://dblp.org/db/conf/siggraph/index.html,计算机图形学与多媒体,会议,A
3,VR,IEEE Virtual Reality,IEEE,http://dblp.org/db/conf/vr/,计算机图形学与多媒体,会议,A
4,IEEE VIS,IEEE Visualization Conference,IEEE,http://dblp.org/db/conf/visualization/index.html,计算机图形学与多媒体,会议,A
1,ICMR,ACM SIGMM International Conference on Multimedia Retrieval,ACM,http://dblp.org/db/conf/mir/,计算机图形学与多媒体,会议,B
2,SI3D,ACM Symposium on Interactive 3D Graphics,ACM,http://dblp.org/db/conf/si3d/,计算机图形学与多媒体,会议,B
3,SCA,ACM/Eurographics Symposium on Computer Animation,ACM,http://dblp.org/db/conf/sca/index.html,计算机图形学与多媒体,会议,B
4,DCC,Data Compression Conference,IEEE,http://dblp.org/db/conf/dcc/,计算机图形学与多媒体,会议,B
5,EG,Eurographics,Wiley/ Blackwell,http://dblp.org/db/conf/eurographics/,计算机图形学与多媒体,会议,B
6,EuroVis,Eurographics Conference on Visualization,ACM,http://dblp.org/db/conf/vissym/,计算机图形学与多媒体,会议,B
7,SGP,Eurographics Symposium on Geometry Processing,Wiley/Blackwell,http://dblp.org/db/conf/sgp/,计算机图形学与多媒体,会议,B
8,EGSR,Eurographics Symposium on Rendering,Wiley/Blackwell,http://dblp.org/db/conf/rt/,计算机图形学与多媒体,会议,B
9,ICASSP,"IEEE International Conference on Acoustics, Speech and SP",IEEE,http://dblp.org/db/conf/icassp/,计算机图形学与多媒体,会议,B
10,ICME,IEEE International Conference on Multimedia & Expo,IEEE,http://dblp.org/db/conf/icmcs/,计算机图形学与多媒体,会议,B
11,ISMAR,International Symposium on Mixed and Augmented Reality,IEEE/ACM,http://dblp.org/db/conf/ismar/,计算机图形学与多媒体,会议,B
12,PG,Pacific Graphics: The Pacific Conference on Computer Graphics and Applications,Wiley/Blackwell,http://dblp.org/db/conf/pg/index.html,计算机图形学与多媒体,会议,B
13,SPM,Symposium on Solid and Physical Modeling,SMA/Elsevier,http://dblp.org/db/conf/sma/,计算机图形学与多媒体,会议,B
1,,ACM Symposium on Virtual Reality Software and Technology,ACM,http://dblp2.uni-trier.de/db/conf/vrst/,计算机图形学与多媒体,会议,C
2,CASA,Computer Animation and Social Agents,Wiley,http://dblp.org/db/conf/ca/,计算机图形学与多媒体,会议,C
3,CGI,Computer Graphics International,Springer,http://dblp.org/db/conf/cgi/,计算机图形学与多媒体,会议,C
4,INTERSPEECH,Conference of the International Speech Communication Association,,http://dblp.org/db/conf/interspeech/index.html,计算机图形学与多媒体,会议,C
5,GMP,Geometric Modeling and Processing,Elsevier,http://dblp.org/db/conf/gmp/,计算机图形学与多媒体,会议,C
6,PacificVis,IEEE Pacific Visualization Symposium,IEEE,http://dblp.org/db/conf/apvis/,计算机图形学与多媒体,会议,C
7,3DV,International Conference on 3D Vision,IEEE,https://dblp.org/db/conf/3dim/,计算机图形学与多媒体,会议,C
8,CAD/Graphics,International Conference on Computer-Aided Design and Computer Graphics,IEEE,https://dblp.org/db/conf/cadgraphics/,计算机图形学与多媒体,会议,C
9,ICIP,International Conference on Image Processing,IEEE,http://dblp.org/db/conf/icip/,计算机图形学与多媒体,会议,C
10,MMM,International Conference on Multimedia Modeling,Springer,http://dblp.org/db/conf/mmm/index.html,计算机图形学与多媒体,会议,C
11,PCM,Pacific-Rim Conference on Multimedia,Springer,http://dblp.org/db/conf/pcm/,计算机图形学与多媒体,会议,C
12,SMI,Shape Modeling International,IEEE,http://dblp.org/db/conf/smi/,计算机图形学与多媒体,会议,C
13,ICVRV,International Conference on Virtual Reality and Visualization,IEEE,https://www.computer.org/csdl/proceedings/1800579,计算机图形学与多媒体,会议,C
14,CVM,Computational Visual Media,Tsinghua University,https://dblp.org/db/conf/cvm/index.html,计算机图形学与多媒体,会议,C
15,PRCV,Chinese Conference on Pattern Recognition and Computer Vision (中国模式识别与计算机视觉大会),Springer,https://dblp.org/db/conf/prcv/index.html,计算机图形学与多媒体,会议,C
1,AI,Artificial Intelligence,Elsevier,http://dblp.org/db/journals/ai/,人工智能,期刊,A
2,TPAMI,IEEE Trans on Pattern Analysis and Machine Intelligence,IEEE,http://dblp.org/db/journals/pami/,人工智能,期刊,A
3,IJCV,International Journal of Computer Vision,Springer,http://dblp.org/db/journals/ijcv/,人工智能,期刊,A
4,JMLR,Journal of Machine Learning Research,MIT Press,http://dblp.org/db/journals/jmlr/,人工智能,期刊,A
1,TAP,ACM Transactions on Applied Perception,ACM,http://dblp.org/db/journals/tap/,人工智能,期刊,B
2,TSLP,ACM Transactions on Speech and Language Processing,ACM,http://dblp.org/db/journals/tslp/,人工智能,期刊,B
3,AAMAS,Autonomous Agents and Multi-Agent Systems,Springer,http://dblp.org/db/journals/aamas/,人工智能,期刊,B
4,,Computational Linguistics,MIT Press,http://dblp.org/db/journals/coling/,人工智能,期刊,B
5,CVIU,Computer Vision and Image Understanding,Elsevier,http://dblp.org/db/journals/cviu/,人工智能,期刊,B
6,DKE,Data and Knowledge Engineering,Elsevier,http://dblp.org/db/journals/dke/index.html,人工智能,期刊,B
7,,Evolutionary Computation,MIT Press,http://dblp.org/db/journals/ec/,人工智能,期刊,B
8,TAC,IEEE Transactions on Affective Computing,IEEE,http://dblp.org/db/journals/taffco/,人工智能,期刊,B
9,TASLP,"IEEE Transactions on Audio, Speech, and Language Processing",IEEE,http://dblp.org/db/journals/taslp/,人工智能,期刊,B
10,,IEEE Transactions on Cybernetics,IEEE,http://dblp.org/db/journals/tcyb/,人工智能,期刊,B
11,TEC,IEEE Transactions on Evolutionary Computation,IEEE,http://dblp.org/db/journals/tec/,人工智能,期刊,B
12,TFS,IEEE Transactions on Fuzzy Systems,IEEE,http://dblp.org/db/journals/tfs/,人工智能,期刊,B
13,TNNLS,IEEE Transactions on Neural Networks and learning systems,IEEE,http://dblp.org/db/journals/tnn/,人工智能,期刊,B
14,IJAR,International Journal of Approximate Reasoning,Elsevier,http://dblp.org/db/journals/ijar/,人工智能,期刊,B
15,JAIR,Journal of Artificial Intelligence Research,AAAI,http://dblp.org/db/journals/jair/index.html,人工智能,期刊,B
16,,Journal of Automated Reasoning,Springer,http://dblp.org/db/journals/jar/,人工智能,期刊,B
17,JSLHR,"Journal of Speech, Language, and Hearing Research",American Speech- Language Hearing Association,http://jslhr.pubs.asha.org/,人工智能,期刊,B
18,,Machine Learning,Springer,http://dblp.org/db/journals/ml/,人工智能,期刊,B
19,,Neural Computation,MIT Press,http://dblp.org/db/journals/neco/,人工智能,期刊,B
20,,Neural Networks,Elsevier,http://dblp.org/db/journals/nn/,人工智能,期刊,B
21,PR,Pattern Recognition,Elsevier,http://dblp.org/db/conf/par/,人工智能,期刊,B
22,TACL,Transactions of the Association for Computational Linguistics,The Association for Computational Linguistics,https://dblp.org/db/journals/tacl/index.html,人工智能,期刊,B
1,TALLIP,ACM Transactions on Asian and Low- Resource Language Information Processing,ACM,http://dblp.org/db/journals/talip/,人工智能,期刊,C
2,,Applied Intelligence,Springer,http://dblp.org/db/journals/apin/,人工智能,期刊,C
3,AIM,Artificial Intelligence in Medicine,Elsevier,http://dblp.org/db/journals/artmed/,人工智能,期刊,C
4,,Artificial Life,MIT Press,http://dblp.org/db/journals/alife/,人工智能,期刊,C
5,,Computational Intelligence,Wiley,http://dblp.org/db/journals/ci/,人工智能,期刊,C
6,,Computer Speech and Language,Elsevier,http://dblp.org/db/journals/csl/,人工智能,期刊,C
7,,Connection Science,Taylor & Francis,http://dblp.org/db/journals/connection/,人工智能,期刊,C
8,DSS,Decision Support Systems,Elsevier,http://dblp.org/db/journals/dss/,人工智能,期刊,C
9,EAAI,Engineering Applications of Artificial Intelligence,Elsevier,http://dblp.org/db/journals/eaai/,人工智能,期刊,C
10,,Expert Systems,Blackwell/Wiley,http://dblp.org/db/journals/es/,人工智能,期刊,C
11,ESWA,Expert Systems with Applications,Elsevier,http://dblp.org/db/journals/eswa/,人工智能,期刊,C
12,,Fuzzy Sets and Systems,Elsevier,http://dblp.org/db/journals/fss/,人工智能,期刊,C
13,TG,IEEE Transactions on Games,IEEE,http://dblp.org/db/journals/tciaig/,人工智能,期刊,C
14,IET-CVI,IET Computer Vision,IET,http://digital-library.theiet.org/content/journals/iet-cvi,人工智能,期刊,C
15,,IET Signal Processing,IET,* http://digital-library.theiet.org/content/journals/iet-spr,人工智能,期刊,C
16,IVC,Image and Vision Computing,Elsevier,http://dblp.org/db/journals/ivc/,人工智能,期刊,C
17,IDA,Intelligent Data Analysis,IOS Press,http://dblp.org/db/journals/ida/,人工智能,期刊,C
18,IJCIA,International Journal of Computational Intelligence and Applications,World Scientific,http://dblp.org/db/journals/ijcia/,人工智能,期刊,C
19,IJIS,International Journal of Intelligent Systems,Wiley,http://dblp.org/db/journals/ijis/,人工智能,期刊,C
20,IJNS,International Journal of Neural Systems,World Scientific,http://dblp.org/db/journals/ijns/,人工智能,期刊,C
21,IJPRAI,International Journal of Pattern Recognition and Artificial Intelligence,World Scientific,http://dblp.org/db/journals/ijprai/,人工智能,期刊,C
22,IJUFKS,"International Journal of Uncertainty, Fuzziness and Knowledge-Based System",World Scientific,https://dblp.org/db/journals/ijufks/,人工智能,期刊,C
23,IJDAR,International Journal on Document Analysis and Recognition,Springer,http://dblp.org/db/journals/ijdar/,人工智能,期刊,C
24,JETAI,Journal of Experimental and Theoretical Artificial Intelligence,Taylor & Francis,http://dblp.org/db/journals/jetai/,人工智能,期刊,C
25,KBS,Knowledge-Based Systems,Elsevier,http://dblp.org/db/journals/kbs/,人工智能,期刊,C
26,,Machine Translation,Springer,http://dblp.org/db/journals/mt/,人工智能,期刊,C
27,,Machine Vision and Applications,Springer,http://dblp.org/db/journals/mva/,人工智能,期刊,C
28,,Natural Computing,Springer,http://dblp.org/db/journals/nc/,人工智能,期刊,C
29,NLE,Natural Language Engineering,Cambridge University Press,http://dblp.org/db/journals/nle/,人工智能,期刊,C
30,NCA,Neural Computing & Applications,Springer,http://dblp.org/db/journals/nca/,人工智能,期刊,C
31,NPL,Neural Processing Letters,Springer,http://dblp.org/db/journals/npl/,人工智能,期刊,C
32,,Neurocomputing,Elsevier,http://dblp.org/db/journals/ijon/,人工智能,期刊,C
33,PAA,Pattern Analysis and Applications,Springer,http://dblp.org/db/journals/paa/,人工智能,期刊,C
34,PRL,Pattern Recognition Letters,Elsevier,http://dblp.org/db/journals/prl/,人工智能,期刊,C
35,,Soft Computing,Springer,http://dblp.org/db/journals/soco/,人工智能,期刊,C
36,WI,Web Intelligence,IOS Press,http://dblp.org/db/journals/wias/,人工智能,期刊,C
37,TIIS,ACM Transactions on Interactive Intelligent Systems,ACM,https://dblp.org/db/journals/tiis/index.html,人工智能,期刊,C
1,AAAI,AAAI Conference on Artificial Intelligence,AAAI,http://dblp.org/db/conf/aaai/,人工智能,会议,A
2,NeurIPS,Annual Conference on Neural Information Processing Systems,MIT Press,http://dblp.org/db/conf/nips/,人工智能,会议,A
3,ACL,Annual Meeting of the Association for Computational Linguistics,ACL,http://dblp.org/db/conf/acl/,人工智能,会议,A
4,CVPR,IEEE Conference on Computer Vision and Pattern Recognition,IEEE,http://dblp.org/db/conf/cvpr/,人工智能,会议,A
5,ICCV,International Conference on Computer Vision,IEEE,http://dblp.org/db/conf/iccv/,人工智能,会议,A
6,ICML,International Conference on Machine Learning,ACM,http://dblp.org/db/conf/icml/,人工智能,会议,A
7,IJCAI,International Joint Conference on Artificial Intelligence,Morgan Kaufmann,http://dblp.org/db/conf/ijcai/,人工智能,会议,A
1,COLT,Annual Conference on Computational Learning Theory,Springer,http://dblp.org/db/conf/colt/,人工智能,会议,B
2,EMNLP,Conference on Empirical Methods in Natural Language Processing,ACL,http://dblp.org/db/conf/emnlp/,人工智能,会议,B
3,ECAI,European Conference on Artificial Intelligence,IOS Press,http://dblp.org/db/conf/ecai/,人工智能,会议,B
4,ECCV,European Conference on Computer Vision,Springer,http://dblp.org/db/conf/eccv/,人工智能,会议,B
5,ICRA,IEEE International Conference on Robotics and Automation,IEEE,http://dblp.org/db/conf/icra/,人工智能,会议,B
6,ICAPS,International Conference on Automated Planning and Scheduling,AAAI,http://dblp.org/db/conf/aips/,人工智能,会议,B
7,ICCBR,International Conference on Case-Based Reasoning and Development,Springer,http://dblp.org/db/conf/iccbr/,人工智能,会议,B
8,COLING,International Conference on Computational Linguistics,ACM,http://dblp.org/db/conf/coling/,人工智能,会议,B
9,KR,International Conference on Principles of Knowledge Representation and Reasoning,Morgan Kaufmann,http://dblp.org/db/conf/kr/,人工智能,会议,B
10,UAI,International Conference on Uncertainty in Artificial Intelligence,AUAI,http://dblp.org/db/conf/uai/,人工智能,会议,B
11,AAMAS,International Joint Conference on Autonomous Agents and Multi- agent Systems,Springer,http://dblp.org/db/conf/atal/index.html,人工智能,会议,B
12,PPSN,Parallel Problem Solving from Nature,Springer,http://dblp.org/db/conf/ppsn/,人工智能,会议,B
13,NAACL,The Annual Conference of the North    American Chapter of the Association for Computational Linguistics,NAACL,http://dblp.org/db/conf/naacl/,人工智能,会议,B
1,AISTATS,Artificial Intelligence and Statistics,JMLR,http://dblp.org/db/conf/aistats/,人工智能,会议,C
2,ACCV,Asian Conference on Computer Vision,Springer,http://dblp.org/db/conf/accv/,人工智能,会议,C
3,ACML,Asian Conference on Machine Learning,JMLR,http://dblp.org/db/conf/acml/,人工智能,会议,C
4,BMVC,British Machine Vision Conference,British Machine Vision Association,http://dblp.org/db/conf/bmvc/,人工智能,会议,C
5,NLPCC,CCF International Conference on Natural Language Processing and Chinese Computing,Springer,https://dblp.org/db/conf/nlpcc/,人工智能,会议,C
6,CoNLL,Conference on Computational Natural Language Learning,Association for Computational Linguistics,http://dblp.org/db/conf/conll,人工智能,会议,C
7,GECCO,Genetic and Evolutionary Computation Conference,ACM,http://dblp.org/db/conf/gecco/,人工智能,会议,C
8,ICTAI,IEEE International Conference on Tools with Artificial Intelligence,IEEE,http://dblp.org/db/conf/ictai/,人工智能,会议,C
9,IROS,IEEE\RSJ International Conference on Intelligent Robots and Systems,IEEE,http://dblp.org/db/conf/iros/,人工智能,会议,C
10,ALT,International Conference on Algorithmic Learning Theory,Springer,http://dblp.org/db/conf/alt/,人工智能,会议,C
11,ICANN,International Conference on Artificial Neural Networks,Springer,http://dblp.org/db/conf/icann/,人工智能,会议,C
12,FG,International Conference on Automatic Face and Gesture Recognition,IEEE,http://dblp.org/db/conf/fgr/,人工智能,会议,C
13,ICDAR,International Conference on Document Analysis and Recognition,IEEE,http://dblp.org/db/conf/icdar/,人工智能,会议,C
14,ILP,International Conference on Inductive Logic Programming,Springer,http://dblp.org/db/conf/ilp/,人工智能,会议,C
15,KSEM,"International conference on Knowledge Science, Engineering and Management",Springer,http://dblp.org/db/conf/ksem/,人工智能,会议,C
16,ICONIP,International Conference on Neural Information Processing,Springer,http://dblp.org/db/conf/iconip/,人工智能,会议,C
17,ICPR,International Conference on Pattern Recognition,IEEE,http://dblp.org/db/conf/icpr/,人工智能,会议,C
18,ICB,International Joint Conference on Biometrics,IEEE,http://dblp.org/db/conf/icb/,人工智能,会议,C
19,IJCNN,International Joint Conference on Neural Networks,IEEE,http://dblp.org/db/conf/ijcnn/,人工智能,会议,C
20,PRICAI,Pacific Rim International Conference on Artificial Intelligence,Springer,http://dblp.org/db/conf/pricai/,人工智能,会议,C
1,TOCHI,ACM Transactions on Computer-Human Interaction,ACM,http://dblp.org/db/journals/tochi/,人机交互与普适计算,期刊,A
2,IJHCS,International Journal of Human Computer Studies,Elsevier,http://dblp.org/db/journals/ijmms/,人机交互与普适计算,期刊,A
1,CSCW,Computer Supported Cooperative Work,Springer,http://dblp.org/db/journals/cscw/,人机交互与普适计算,期刊,B
2,HCI,Human Computer Interaction,Taylor & Francis,http://dblp.org/db/journals/hhci/,人机交互与普适计算,期刊,B
3,,IEEE Transactions on Human-Machine Systems,IEEE,http://dblp.org/db/journals/thms/,人机交互与普适计算,期刊,B
4,IWC,Interacting with Computers,Oxford University Press,http://dblp.org/db/journals/iwc/,人机交互与普适计算,期刊,B
5,IJHCI,International Journal of Human-Computer Interaction,Taylor & Francis,http://dblp.org/db/journals/ijhci/,人机交互与普适计算,期刊,B
6,UMUAI,User Modeling and User-Adapted Interaction,Springer,http://dblp.org/db/journals/umuai/,人机交互与普适计算,期刊,B
7,TSMC,"IEEE Transactions on Systems, Man, and Cybernetics: Systems",IEEE,https://dblp.org/db/journals/tsmc/tsmc12.html,人机交互与普适计算,期刊,B
1,BIT,Behaviour & Information Technology,Taylor & Francis,http://dblp.org/db/journals/behaviourIT/,人机交互与普适计算,期刊,C
2,PUC,Personal and Ubiquitous Computing,Springer,http://dblp.org/db/journals/puc/,人机交互与普适计算,期刊,C
3,PMC,Pervasive and Mobile Computing,Elsevier,http://dblp.org/db/journals/percom/,人机交互与普适计算,期刊,C
4,PACMHCI,Proceedings of the ACM on Human-Computer Interaction,ACM,https://dblp.org/db/journals/pacmhci/index.html,人机交互与普适计算,期刊,C
1,CSCW,ACM Conference on Computer Supported Cooperative Work and Social Computing,ACM,http://dblp.org/db/conf/cscw,人机交互与普适计算,会议,A
2,CHI,ACM Conference on Human Factors in Computing Systems,ACM,http://dblp.org/db/conf/chi,人机交互与普适计算,会议,A
3,UbiComp,ACM International Conference on Ubiquitous Computing,ACM,http://dblp.org/db/conf/huc/,人机交互与普适计算,会议,A
4,UIST,ACM Symposium on User Interface Software and Technology,ACM,http://dblp.org/db/conf/uist/,人机交互与普适计算,会议,A
1,GROUP,ACM Conference on Supporting Group Work,ACM,http://dblp.org/db/conf/group/,人机交互与普适计算,会议,B
2,IUI,ACM International Conference on Intelligent User Interfaces,ACM,http://dblp.org/db/conf/iui/,人机交互与普适计算,会议,B
3,ITS,ACM International Conference on Interactive Tabletops and Surfaces,ACM,http://dblp.org/db/conf/tabletop/,人机交互与普适计算,会议,B
4,ECSCW,European Conference on Computer Supported Cooperative Work,Springer,http://dblp.org/db/conf/ecscw/,人机交互与普适计算,会议,B
5,PERCOM,IEEE International Conference on Pervasive Computing and Communications,IEEE,http://dblp.org/db/conf/percom/,人机交互与普适计算,会议,B
6,MobileHCI,International Conference on Human Computer Interaction with Mobile Devices and Services,ACM,http://dblp.org/db/conf/mhci/,人机交互与普适计算,会议,B
7,ICWSM,The International AAAI Conference on Web and Social Media,AAAI,https://dblp.org/db/conf/icwsm/index.html,人机交互与普适计算,会议,B
1,DIS,ACM Conference on Designing Interactive Systems,ACM,http://dblp.org/db/conf/ACMdis,人机交互与普适计算,会议,C
2,ICMI,ACM International Conference on Multimodal Interaction,ACM,http://dblp.org/db/conf/icmi/,人机交互与普适计算,会议,C
3,ASSETS,ACM SIGACCESS Conference on Computers and Accessibility,ACM,http://dblp.org/db/conf/assets,人机交互与普适计算,会议,C
4,GI,Graphics Interface conference,ACM,http://dblp.org/db/conf/graphicsinterface/,人机交互与普适计算,会议,C
5,UIC,IEEE International Conference on Ubiquitous Intelligence and Computing,IEEE,http://dblp.org/db/conf/uic/,人机交互与普适计算,会议,C
6,,IEEE World Haptics Conference,IEEE,http://dblp.org/db/conf/haptics/,人机交互与普适计算,会议,C
7,INTERACT,IFIP TC13 Conference on Human-Computer Interaction,IFIP,http://dblp.org/db/conf/interact/,人机交互与普适计算,会议,C
8,IDC,Interaction Design and Children,ACM,http://dblp.org/db/conf/acmidc/,人机交互与普适计算,会议,C
9,CollaborateCom,"International Conference on Collaborative Computing: Networking, Applications and Worksharing",Springer,http://collaboratecom.org,人机交互与普适计算,会议,C
10,CSCWD,International Conference on Computer Supported Cooperative Work in Design,Springer,http://dblp.org/db/conf/cscwd/,人机交互与普适计算,会议,C
11,CoopIS,International Conference on Cooperative Information Systems,Springer,http://dblp.org/db/conf/coopis/,人机交互与普适计算,会议,C
12,MobiQuitous,"International Conference on Mobile and Ubiquitous Systems: Computing, Networking and Services",Springer,http://dblp.org/db/conf/mobiquitous/,人机交互与普适计算,会议,C
13,AVI,International Working Conference on Advanced Visual Interfaces,ACM,http://dblp.org/db/conf/avi/,人机交互与普适计算,会议,C
1,JACM,Journal of the ACM,ACM,http://dblp.org/db/journals/jacm/,交叉/综合/新兴,期刊,A
2,Proc. IEEE,Proceedings of the IEEE,IEEE,http://dblp.org/db/journals/pieee/,交叉/综合/新兴,期刊,A
3,SCIS,Science China Information Sciences,Science in China Press/Springer,http://dblp.org/db/journals/chinaf/,交叉/综合/新兴,期刊,A
1,,Bioinformatics,Oxford University Press,http://dblp.org/db/journals/bioinformatics/,交叉/综合/新兴,期刊,B
2,,Briefings in Bioinformatics,Oxford University Press,http://dblp.org/db/journals/bib/,交叉/综合/新兴,期刊,B
3,Cognition,Cognition：International Journal of Cognitive Science,Elsevier,http://www.journals.elsevier.com/cognition/,交叉/综合/新兴,期刊,B
4,TASAE,IEEE Transactions on Automation Science and Engineering,IEEE,http://dblp.org/db/journals/tase/,交叉/综合/新兴,期刊,B
5,TGARS,IEEE Transactions on Geoscience and Remote Sensing,IEEE,http://dblp.org/db/journals/tgrs/,交叉/综合/新兴,期刊,B
6,TITS,IEEE Transactions on Intelligent Transportation Systems,IEEE,http://dblp.org/db/journals/tits/,交叉/综合/新兴,期刊,B
7,TMI,IEEE Transactions on Medical Imaging,IEEE,http://dblp.org/db/journals/tmi/,交叉/综合/新兴,期刊,B
8,TR,IEEE Transactions on Robotics,IEEE,http://dblp.org/db/journals/trob/,交叉/综合/新兴,期刊,B
9,TCBB,IEEE-ACM Transactions on Computational Biology and Bioinformatics,IEEE/ACM,http://dblp.org/db/journals/tcbb/,交叉/综合/新兴,期刊,B
10,JCST,Journal of Computer Science and Technology,SCIENCE PRESS/Springer,http://dblp.org/db/journals/jcst/,交叉/综合/新兴,期刊,B
11,JAMIA,Journal of the American Medical Informatics Association,BMJ Journals,http://dblp.org/db/journals/jamia/,交叉/综合/新兴,期刊,B
12,,PLOS Computational Biology,Public Library of Science,http://dblp.org/db/journals/ploscb/,交叉/综合/新兴,期刊,B
13,,The Computer Journal,Oxford University Press,http://dblp.org/db/journals/cj/,交叉/综合/新兴,期刊,B
14,,World Wide Web Journal,Springer,https://www.springer.com/journal/11280,交叉/综合/新兴,期刊,B
15,FCS,Frontiers of Computer Science,Higher Education Press,http://dblp.org/db/journals/fcsc/,交叉/综合/新兴,期刊,B
1,,BMC Bioinformatics,BioMed Central,http://dblp.org/db/journals/bmcbi/,交叉/综合/新兴,期刊,C
2,,Cybernetics and Systems,Taylor & Francis,http://dblp.org/db/journals/cas/,交叉/综合/新兴,期刊,C
3,,IEEE Geoscience and Remote Sensing Letters,IEEE,http://dblp.org/db/journals/lgrs/,交叉/综合/新兴,期刊,C
4,JBHI,IEEE Journal of Biomedical and Health Informatics,IEEE,http://dblp.org/db/journals/titb/,交叉/综合/新兴,期刊,C
5,TBD,IEEE Transactions on Big Data,IEEE,https://dblp.org/db/journals/tbd/,交叉/综合/新兴,期刊,C
6,,IET Intelligent Transport Systems,IET,http://digital-library.theiet.org/content/journals/iet-its,交叉/综合/新兴,期刊,C
7,JBI,Journal of Biomedical Informatics,Elsevier,https://dblp.org/db/journals/jbi/,交叉/综合/新兴,期刊,C
8,,Medical Image Analysis,Elsevier,http://dblp.org/db/journals/mia/,交叉/综合/新兴,期刊,C
9,TII,IEEE Transactions on Industrial Informatics,IEEE,https://dblp.org/db/journals/tii/index.html,交叉/综合/新兴,期刊,C
10,TCPS,ACM Transactions on Cyber-Physical Systems,ACM,https://dblp.org/db/journals/tcps/index.html,交叉/综合/新兴,期刊,C
11,TOCE,ACM Transactions on Computing Education,ACM,https://dblp.org/db/journals/jeric/index.html,交叉/综合/新兴,期刊,C
12,FITEE,Frontiers of Information Technology & Electronic Engineering,Springer,https://dblp.org/db/journals/jzusc/index.html,交叉/综合/新兴,期刊,C
13,TCSS,IEEE Transaction on Computational Social Systems,IEEE,https://dblp.org/db/journals/tcss/index.html,交叉/综合/新兴,期刊,C
14,,IEEE Transactions on Reliability,IEEE,https://dblp.org/db/journals/tr/index.html,交叉/综合/新兴,期刊,C
1,WWW,International World Wide Web Conferences,ACM,http://dblp.org/db/conf/www/,交叉/综合/新兴,会议,A
2,RTSS,Real-Time Systems Symposium,IEEE,http://dblp.org/db/conf/rtss/,交叉/综合/新兴,会议,A
3,WINE,Conference on Web and Internet Economics,Springer,https://dblp.org/db/conf/wine/index.html,交叉/综合/新兴,会议,A
1,CogSci,Cognitive Science Society Annual Conference,Psychology Press,https://dblp.org/db/conf/cogsci/,交叉/综合/新兴,会议,B
2,BIBM,IEEE International Conference on Bioinformatics and Biomedicine,IEEE,http://dblp.org/db/conf/bibm/,交叉/综合/新兴,会议,B
3,EMSOFT,International Conference on Embedded Software,ACM/IEEE/IFIP,http://dblp.org/db/conf/emsoft/,交叉/综合/新兴,会议,B
4,ISMB,International conference on Intelligent Systems for Molecular Biology,Oxford Journals,http://www.iscb.org/about-ismb,交叉/综合/新兴,会议,B
5,RECOMB,International Conference on Research in Computational Molecular Biology,Springer,http://dblp.org/db/conf/recomb/,交叉/综合/新兴,会议,B
6,MICCAI,International Conference on Medical Image Computing and Computer-Assisted Intervention,Springer,https://dblp.org/db/conf/miccai/index.html,交叉/综合/新兴,会议,B
1,AMIA,American Medical Informatics Association Annual Symposium,AMIA,http://dblp.org/db/conf/amia/,交叉/综合/新兴,会议,C
2,APBC,Asia Pacific Bioinformatics Conference,BioMed Central,http://dblp.org/db/conf/apbc/,交叉/综合/新兴,会议,C
3,,IEEE International Conference on Big Data,IEEE,https://dblp.org/db/conf/bigdataconf/,交叉/综合/新兴,会议,C
4,,IEEE International Conference on Cloud Computing,IEEE,http://dblp.org/db/conf/IEEEcloud/,交叉/综合/新兴,会议,C
5,SMC,"IEEE International Conference on Systems, Man, and Cybernetics",IEEE,https://dblp.org/db/conf/smc/,交叉/综合/新兴,会议,C
6,COSIT,International Conference on Spatial Information Theory,ACM,http://dblp.org/db/conf/cosit/,交叉/综合/新兴,会议,C
7,ISBRA,International Symposium on Bioinformatics Research and Applications,Springer,https://dblp.org/db/conf/isbra/,交叉/综合/新兴,会议,C
8,SAGT,International Symposium on Algorithmic Game Theory,Springer,https://dblp.org/db/conf/sagt/index.html,交叉/综合/新兴,会议,C
9,SIGSPATIAL,ACM SIGSPATIAL International Conference on Advances in Geographic Information Systems,ACM,https://dblp.org/db/journals/sigspatial/index.html,交叉/综合/新兴,会议,C
10,ICIC,International Conference on Intelligent Computing,Springer-Nature,https://dblp.org/db/conf/icic/index.html,交叉/综合/新兴,会议,C
